{
  "accuracy": 0.6503401360544218,
  "f1_weighted": 0.6633054343400403,
  "f1_macro": 0.534611345496381,
  "qwk": 0.7956626510758398,
  "classification_report": {
    "No DR": {
      "precision": 0.9901960784313726,
      "recall": 0.8347107438016529,
      "f1-score": 0.905829596412556,
      "support": 363.0
    },
    "Mild": {
      "precision": 0.31413612565445026,
      "recall": 0.8108108108108109,
      "f1-score": 0.4528301886792453,
      "support": 74.0
    },
    "Moderate": {
      "precision": 0.8548387096774194,
      "recall": 0.265,
      "f1-score": 0.40458015267175573,
      "support": 200.0
    },
    "Severe": {
      "precision": 0.35526315789473684,
      "recall": 0.6923076923076923,
      "f1-score": 0.46956521739130436,
      "support": 39.0
    },
    "Proliferative": {
      "precision": 0.35,
      "recall": 0.5932203389830508,
      "f1-score": 0.44025157232704404,
      "support": 59.0
    },
    "accuracy": 0.6503401360544218,
    "macro avg": {
      "precision": 0.5728868143315958,
      "recall": 0.6392099171806415,
      "f1-score": 0.534611345496381,
      "support": 735.0
    },
    "weighted avg": {
      "precision": 0.8002180338263892,
      "recall": 0.6503401360544218,
      "f1-score": 0.6633054343400403,
      "support": 735.0
    }
  },
  "confusion_matrix": [
    [
      303,
      59,
      0,
      0,
      1
    ],
    [
      3,
      60,
      2,
      3,
      6
    ],
    [
      0,
      62,
      53,
      37,
      48
    ],
    [
      0,
      1,
      1,
      27,
      10
    ],
    [
      0,
      9,
      6,
      9,
      35
    ]
  ]
}